{
    "r": [
        -0.012701333500444889,
        -0.0019127989653497934,
        -2.256885528564453
    ],
    "t": [
        -0.1582053303718567,
        -2.0873219966888428,
        -0.0012615482555702329
    ]
}
